{"Version":"2.0.82.45","Currencies":{"AUD":["AU$","Australian Dollar"],"BRL":["R$","Brazilian Real"],"BYR":["BYR","Belarusian Rouble"],"CAD":["CA$","Canadian Dollar"],"CNY":["CN\u00a5","Chinese Yuan"],"EUR":["\u20ac","Euro"],"GBP":["\u00a3","British Pound"],"HKD":["HK$","Hong Kong Dollar"],"ILS":["\u20aa","Israeli New Shekel"],"INR":["\u20b9","Indian Rupee"],"KRW":["\u20a9","South Korean Won"],"MGA":["MGA","Malagasy Ariary"],"MWK":["MWK","Malawian Kwacha"],"MXN":["MX$","Mexican Peso"],"NZD":["NZ$","New Zealand Dollar"],"RUB":["RUB","Russian Rouble"],"SCR":["SCR","Seychelles Rupee"],"THB":["\u0e3f","Thai Baht"],"TWD":["NT$","New Taiwan Dollar"],"UZS":["UZS","Uzbekistani Som"],"VND":["\u20ab","Vietnamese Dong"],"XAF":["FCFA","Central African CFA Franc"],"XCD":["EC$","East Caribbean Dollar"],"XOF":["CFA","West African CFA Franc"],"XPF":["CFPF","CFP Franc"]}}