{"Version":"2.0.82.45","Currencies":{"ADP":["ADP","ADP"],"AED":["AED","AED"],"AFA":["AFA","AFA"],"AFN":["AFN","AFN"],"ALK":["ALK","ALK"],"ALL":["ALL","ALL"],"AMD":["AMD","AMD"],"ANG":["ANG","ANG"],"AOA":["AOA","AOA"],"AOK":["AOK","AOK"],"AON":["AON","AON"],"AOR":["AOR","AOR"],"ARA":["ARA","ARA"],"ARL":["ARL","ARL"],"ARM":["ARM","ARM"],"ARP":["ARP","ARP"],"ARS":["ARS","ARS"],"ATS":["ATS","ATS"],"AUD":{},"AWG":["AWG","AWG"],"AZM":["AZM","AZM"],"AZN":["AZN","AZN"],"BAD":["BAD","BAD"],"BAM":["BAM","BAM"],"BAN":["BAN","BAN"],"BBD":["BBD","BBD"],"BDT":["BDT","BDT"],"BEC":["BEC","BEC"],"BEF":["BEF","BEF"],"BEL":["BEL","BEL"],"BGL":["BGL","BGL"],"BGM":["BGM","BGM"],"BGN":["BGN","BGN"],"BGO":["BGO","BGO"],"BHD":["BHD","BHD"],"BIF":["BIF","BIF"],"BMD":["BMD","BMD"],"BND":["BND","BND"],"BOB":["BOB","BOB"],"BOL":["BOL","BOL"],"BOP":["BOP","BOP"],"BOV":["BOV","BOV"],"BRB":["BRB","BRB"],"BRC":["BRC","BRC"],"BRE":["BRE","BRE"],"BRL":{},"BRN":["BRN","BRN"],"BRR":["BRR","BRR"],"BRZ":["BRZ","BRZ"],"BSD":["BSD","BSD"],"BTN":["BTN","BTN"],"BUK":["BUK","BUK"],"BWP":["BWP","BWP"],"BYB":["BYB","BYB"],"BYR":["BYR","BYR"],"BZD":["BZD","BZD"],"CAD":{},"CDF":["CDF","CDF"],"CHE":["CHE","CHE"],"CHF":["CHF","CHF"],"CHW":["CHW","CHW"],"CLE":["CLE","CLE"],"CLF":["CLF","CLF"],"CLP":["CLP","CLP"],"CNX":["CNX","CNX"],"CNY":{},"COP":["COP","COP"],"COU":["COU","COU"],"CRC":["CRC","CRC"],"CSD":["CSD","CSD"],"CSK":["CSK","CSK"],"CUC":["CUC","CUC"],"CUP":["CUP","CUP"],"CVE":["CVE","CVE"],"CYP":["CYP","CYP"],"CZK":["CZK","CZK"],"DDM":["DDM","DDM"],"DEM":["DEM","DEM"],"DJF":["DJF","DJF"],"DKK":["DKK","DKK"],"DOP":["DOP","DOP"],"DZD":["DZD","DZD"],"ECS":["ECS","ECS"],"ECV":["ECV","ECV"],"EEK":["EEK","EEK"],"EGP":["EGP","EGP"],"ERN":["ERN","ERN"],"ESA":["ESA","ESA"],"ESB":["ESB","ESB"],"ESP":["ESP","ESP"],"ETB":["ETB","ETB"],"EUR":{},"FIM":["FIM","FIM"],"FJD":["FJD","FJD"],"FKP":["FKP","FKP"],"FRF":["FRF","FRF"],"GBP":{},"GEK":["GEK","GEK"],"GEL":["GEL","GEL"],"GHC":["GHC","GHC"],"GHS":["GHS","GHS"],"GIP":["GIP","GIP"],"GMD":["GMD","GMD"],"GNF":["GNF","GNF"],"GNS":["GNS","GNS"],"GQE":["GQE","GQE"],"GRD":["GRD","GRD"],"GTQ":["GTQ","GTQ"],"GWE":["GWE","GWE"],"GWP":["GWP","GWP"],"GYD":["GYD","GYD"],"HKD":{},"HNL":["HNL","HNL"],"HRD":["HRD","HRD"],"HRK":["HRK","HRK"],"HTG":["HTG","HTG"],"HUF":["HUF","HUF"],"IDR":["IDR","IDR"],"IEP":["IEP","IEP"],"ILP":["ILP","ILP"],"ILR":["ILR","ILR"],"ILS":{},"INR":{},"IQD":["IQD","IQD"],"IRR":["IRR","IRR"],"ISJ":["ISJ","ISJ"],"ISK":["ISK","ISK"],"ITL":["ITL","ITL"],"JMD":["JMD","JMD"],"JOD":["JOD","JOD"],"JPY":{},"KES":["KES","KES"],"KGS":["KGS","KGS"],"KHR":["KHR","KHR"],"KMF":["KMF","KMF"],"KPW":["KPW","KPW"],"KRH":["KRH","KRH"],"KRO":["KRO","KRO"],"KRW":{},"KWD":["KWD","KWD"],"KYD":["KYD","KYD"],"KZT":["KZT","KZT"],"LAK":["LAK","LAK"],"LBP":["LBP","LBP"],"LKR":["LKR","LKR"],"LRD":["LRD","LRD"],"LSL":["LSL","LSL"],"LTL":["LTL","LTL"],"LTT":["LTT","LTT"],"LUC":["LUC","LUC"],"LUF":["LUF","LUF"],"LUL":["LUL","LUL"],"LVL":["LVL","LVL"],"LVR":["LVR","LVR"],"LYD":["LYD","LYD"],"MAD":["MAD","MAD"],"MAF":["MAF","MAF"],"MCF":["MCF","MCF"],"MDC":["MDC","MDC"],"MDL":["MDL","MDL"],"MGA":["MGA","MGA"],"MGF":["MGF","MGF"],"MKD":["MKD","MKD"],"MKN":["MKN","MKN"],"MLF":["MLF","MLF"],"MMK":["MMK","MMK"],"MNT":["MNT","MNT"],"MOP":["MOP","MOP"],"MRO":["MRO","MRO"],"MTL":["MTL","MTL"],"MTP":["MTP","MTP"],"MUR":["MUR","MUR"],"MVP":["MVP","MVP"],"MVR":["MVR","MVR"],"MWK":["MWK","MWK"],"MXN":{},"MXP":["MXP","MXP"],"MXV":["MXV","MXV"],"MYR":["MYR","MYR"],"MZE":["MZE","MZE"],"MZM":["MZM","MZM"],"MZN":["MZN","MZN"],"NAD":["NAD","NAD"],"NGN":["NGN","NGN"],"NIC":["NIC","NIC"],"NIO":["NIO","NIO"],"NLG":["NLG","NLG"],"NOK":["NOK","NOK"],"NPR":["NPR","NPR"],"NZD":{},"OMR":["OMR","OMR"],"PAB":["PAB","PAB"],"PEI":["PEI","PEI"],"PEN":["PEN","PEN"],"PES":["PES","PES"],"PGK":["PGK","PGK"],"PHP":["PHP","PHP"],"PKR":["PKR","PKR"],"PLN":["PLN","PLN"],"PLZ":["PLZ","PLZ"],"PTE":["PTE","PTE"],"PYG":["PYG","PYG"],"QAR":["QAR","QAR"],"RHD":["RHD","RHD"],"ROL":["ROL","ROL"],"RON":["RON","RON"],"RSD":["RSD","RSD"],"RUB":["RUB","RUB"],"RUR":["RUR","RUR"],"RWF":["RWF","RWF"],"SAR":["SAR","SAR"],"SBD":["SBD","SBD"],"SCR":["SCR","SCR"],"SDD":["SDD","SDD"],"SDG":["SDG","SDG"],"SDP":["SDP","SDP"],"SEK":["SEK","SEK"],"SGD":["SGD","SGD"],"SHP":["SHP","SHP"],"SIT":["SIT","SIT"],"SKK":["SKK","SKK"],"SLL":["SLL","SLL"],"SOS":["SOS","SOS"],"SRD":["SRD","SRD"],"SRG":["SRG","SRG"],"SSP":["SSP","SSP"],"STD":["STD","STD"],"SUR":["SUR","SUR"],"SVC":["SVC","SVC"],"SYP":["SYP","SYP"],"SZL":["SZL","SZL"],"THB":{},"TJR":["TJR","TJR"],"TJS":["TJS","TJS"],"TMM":["TMM","TMM"],"TMT":["TMT","TMT"],"TND":["TND","TND"],"TOP":["TOP","TOP"],"TPE":["TPE","TPE"],"TRL":["TRL","TRL"],"TRY":["TRY","TRY"],"TTD":["TTD","TTD"],"TWD":{},"TZS":["TZS","TZS"],"UAH":["UAH","UAH"],"UAK":["UAK","UAK"],"UGS":["UGS","UGS"],"UGX":["UGX","UGX"],"USD":{},"USN":["USN","USN"],"USS":["USS","USS"],"UYI":["UYI","UYI"],"UYP":["UYP","UYP"],"UYU":["UYU","UYU"],"UZS":["UZS","UZS"],"VEB":["VEB","VEB"],"VEF":["VEF","VEF"],"VND":{},"VNN":["VNN","VNN"],"VUV":["VUV","VUV"],"WST":["WST","WST"],"XAF":{},"XAG":["XAG","XAG"],"XAU":["XAU","XAU"],"XBA":["XBA","XBA"],"XBB":["XBB","XBB"],"XBC":["XBC","XBC"],"XBD":["XBD","XBD"],"XCD":{},"XDR":["XDR","XDR"],"XEU":["XEU","XEU"],"XFO":["XFO","XFO"],"XFU":["XFU","XFU"],"XOF":{},"XPD":["XPD","XPD"],"XPF":{},"XPT":["XPT","XPT"],"XRE":["XRE","XRE"],"XSU":["XSU","XSU"],"XTS":["XTS","XTS"],"XUA":["XUA","XUA"],"YDD":["YDD","YDD"],"YER":["YER","YER"],"YUD":["YUD","YUD"],"YUM":["YUM","YUM"],"YUN":["YUN","YUN"],"YUR":["YUR","YUR"],"ZAL":["ZAL","ZAL"],"ZAR":["ZAR","ZAR"],"ZMK":["ZMK","ZMK"],"ZMW":["ZMW","ZMW"],"ZRN":["ZRN","ZRN"],"ZRZ":["ZRZ","ZRZ"],"ZWD":["ZWD","ZWD"],"ZWL":["ZWL","ZWL"],"ZWR":["ZWR","ZWR"]},"CurrencyMeta":{},"Alpha3ToNumeric":{"AFA":4,"ALL":8,"DZD":12,"ADP":20,"AON":24,"AZM":31,"ARA":32,"ARP":32,"ARS":32,"AUD":36,"ATS":40,"BSD":44,"BHD":48,"BDT":50,"AMD":51,"BBD":52,"BEF":56,"BMD":60,"BTN":64,"BOB":68,"BAD":70,"BWP":72,"BRC":76,"BRE":76,"BRN":76,"BZD":84,"SBD":90,"BND":96,"BGL":100,"MMK":104,"BIF":108,"BYB":112,"KHR":116,"CAD":124,"CVE":132,"KYD":136,"LKR":144,"CLP":152,"CNY":156,"COP":170,"KMF":174,"ZRN":180,"ZRZ":180,"CRC":188,"HRD":191,"HRK":191,"CUP":192,"CYP":196,"CSK":200,"CZK":203,"DKK":208,"DOP":214,"ECS":218,"SVC":222,"GQE":226,"ETB":230,"ERN":232,"EEK":233,"FKP":238,"FJD":242,"FIM":246,"FRF":250,"DJF":262,"GEK":268,"GMD":270,"DEM":276,"DDM":278,"GHC":288,"GIP":292,"GRD":300,"GTQ":320,"GNF":324,"GYD":328,"HTG":332,"HNL":340,"HKD":344,"HUF":348,"ISK":352,"INR":356,"IDR":360,"IRR":364,"IQD":368,"IEP":372,"ILS":376,"ITL":380,"JMD":388,"JPY":392,"KZT":398,"JOD":400,"KES":404,"KPW":408,"KRW":410,"KWD":414,"KGS":417,"LAK":418,"LBP":422,"LSL":426,"LVR":428,"LVL":428,"LRD":430,"LYD":434,"LTT":440,"LTL":440,"LUF":442,"MOP":446,"MGF":450,"MWK":454,"MYR":458,"MVR":462,"MLF":466,"MTL":470,"MRO":478,"MUR":480,"MXN":484,"MNT":496,"MDL":498,"MAD":504,"MZM":508,"OMR":512,"NAD":516,"NPR":524,"NLG":528,"ANG":532,"AWG":533,"VUV":548,"NZD":554,"NIO":558,"NGN":566,"NOK":578,"PKR":586,"PAB":590,"PGK":598,"PYG":600,"PEI":604,"PEN":604,"PES":604,"PHP":608,"PLZ":616,"PTE":620,"GWP":624,"TPE":626,"QAR":634,"ROL":642,"RUB":643,"RWF":646,"SHP":654,"STD":678,"SAR":682,"SCR":690,"SLL":694,"SGD":702,"SKK":703,"VND":704,"SIT":705,"SOS":706,"ZAR":710,"ZWD":716,"YDD":720,"ESP":724,"SSP":728,"SDD":736,"SRG":740,"SZL":748,"SEK":752,"CHF":756,"SYP":760,"TJR":762,"THB":764,"TOP":776,"TTD":780,"AED":784,"TND":788,"TRL":792,"TMM":795,"UGX":800,"UAK":804,"MKD":807,"RUR":810,"EGP":818,"GBP":826,"TZS":834,"USD":840,"UYU":858,"UZS":860,"VEB":862,"WST":882,"YER":886,"YUN":890,"CSD":891,"YUM":891,"ZMK":894,"TWD":901,"CUC":931,"ZWL":932,"TMT":934,"ZWR":935,"GHS":936,"VEF":937,"SDG":938,"UYI":940,"RSD":941,"MZN":943,"AZN":944,"RON":946,"CHE":947,"CHW":948,"TRY":949,"XAF":950,"XCD":951,"XOF":952,"XPF":953,"XEU":954,"XBA":955,"XBB":956,"XBC":957,"XBD":958,"XAU":959,"XDR":960,"XAG":961,"XPT":962,"XTS":963,"XPD":964,"XUA":965,"ZMW":967,"SRD":968,"MGA":969,"COU":970,"AFN":971,"TJS":972,"AOA":973,"BYR":974,"BGN":975,"CDF":976,"BAM":977,"EUR":978,"MXV":979,"UAH":980,"GEL":981,"AOR":982,"ECV":983,"BOV":984,"PLN":985,"BRL":986,"BRR":987,"LUL":988,"LUC":989,"CLF":990,"ZAL":991,"BEL":992,"BEC":993,"XSU":994,"ESB":995,"ESA":996,"USN":997,"USS":998},"NumericToAlpha3":{"4":["AFA"],"8":["ALL"],"12":["DZD"],"20":["ADP"],"24":["AON"],"31":["AZM"],"32":["ARA","ARP","ARS"],"36":["AUD"],"40":["ATS"],"44":["BSD"],"48":["BHD"],"50":["BDT"],"51":["AMD"],"52":["BBD"],"56":["BEF"],"60":["BMD"],"64":["BTN"],"68":["BOB"],"70":["BAD"],"72":["BWP"],"76":["BRC","BRE","BRN"],"84":["BZD"],"90":["SBD"],"96":["BND"],"100":["BGL"],"104":["MMK"],"108":["BIF"],"112":["BYB"],"116":["KHR"],"124":["CAD"],"132":["CVE"],"136":["KYD"],"144":["LKR"],"152":["CLP"],"156":["CNY"],"170":["COP"],"174":["KMF"],"180":["ZRN","ZRZ"],"188":["CRC"],"191":["HRD","HRK"],"192":["CUP"],"196":["CYP"],"200":["CSK"],"203":["CZK"],"208":["DKK"],"214":["DOP"],"218":["ECS"],"222":["SVC"],"226":["GQE"],"230":["ETB"],"232":["ERN"],"233":["EEK"],"238":["FKP"],"242":["FJD"],"246":["FIM"],"250":["FRF"],"262":["DJF"],"268":["GEK"],"270":["GMD"],"276":["DEM"],"278":["DDM"],"288":["GHC"],"292":["GIP"],"300":["GRD"],"320":["GTQ"],"324":["GNF"],"328":["GYD"],"332":["HTG"],"340":["HNL"],"344":["HKD"],"348":["HUF"],"352":["ISK"],"356":["INR"],"360":["IDR"],"364":["IRR"],"368":["IQD"],"372":["IEP"],"376":["ILS"],"380":["ITL"],"388":["JMD"],"392":["JPY"],"398":["KZT"],"400":["JOD"],"404":["KES"],"408":["KPW"],"410":["KRW"],"414":["KWD"],"417":["KGS"],"418":["LAK"],"422":["LBP"],"426":["LSL"],"428":["LVR","LVL"],"430":["LRD"],"434":["LYD"],"440":["LTT","LTL"],"442":["LUF"],"446":["MOP"],"450":["MGF"],"454":["MWK"],"458":["MYR"],"462":["MVR"],"466":["MLF"],"470":["MTL"],"478":["MRO"],"480":["MUR"],"484":["MXN"],"496":["MNT"],"498":["MDL"],"504":["MAD"],"508":["MZM"],"512":["OMR"],"516":["NAD"],"524":["NPR"],"528":["NLG"],"532":["ANG"],"533":["AWG"],"548":["VUV"],"554":["NZD"],"558":["NIO"],"566":["NGN"],"578":["NOK"],"586":["PKR"],"590":["PAB"],"598":["PGK"],"600":["PYG"],"604":["PEI","PEN","PES"],"608":["PHP"],"616":["PLZ"],"620":["PTE"],"624":["GWP"],"626":["TPE"],"634":["QAR"],"642":["ROL"],"643":["RUB"],"646":["RWF"],"654":["SHP"],"678":["STD"],"682":["SAR"],"690":["SCR"],"694":["SLL"],"702":["SGD"],"703":["SKK"],"704":["VND"],"705":["SIT"],"706":["SOS"],"710":["ZAR"],"716":["ZWD"],"720":["YDD"],"724":["ESP"],"728":["SSP"],"736":["SDD"],"740":["SRG"],"748":["SZL"],"752":["SEK"],"756":["CHF"],"760":["SYP"],"762":["TJR"],"764":["THB"],"776":["TOP"],"780":["TTD"],"784":["AED"],"788":["TND"],"792":["TRL"],"795":["TMM"],"800":["UGX"],"804":["UAK"],"807":["MKD"],"810":["RUR"],"818":["EGP"],"826":["GBP"],"834":["TZS"],"840":["USD"],"858":["UYU"],"860":["UZS"],"862":["VEB"],"882":["WST"],"886":["YER"],"890":["YUN"],"891":["CSD","YUM"],"894":["ZMK"],"901":["TWD"],"931":["CUC"],"932":["ZWL"],"934":["TMT"],"935":["ZWR"],"936":["GHS"],"937":["VEF"],"938":["SDG"],"940":["UYI"],"941":["RSD"],"943":["MZN"],"944":["AZN"],"946":["RON"],"947":["CHE"],"948":["CHW"],"949":["TRY"],"950":["XAF"],"951":["XCD"],"952":["XOF"],"953":["XPF"],"954":["XEU"],"955":["XBA"],"956":["XBB"],"957":["XBC"],"958":["XBD"],"959":["XAU"],"960":["XDR"],"961":["XAG"],"962":["XPT"],"963":["XTS"],"964":["XPD"],"965":["XUA"],"967":["ZMW"],"968":["SRD"],"969":["MGA"],"970":["COU"],"971":["AFN"],"972":["TJS"],"973":["AOA"],"974":["BYR"],"975":["BGN"],"976":["CDF"],"977":["BAM"],"978":["EUR"],"979":["MXV"],"980":["UAH"],"981":["GEL"],"982":["AOR"],"983":["ECV"],"984":["BOV"],"985":["PLN"],"986":["BRL"],"987":["BRR"],"988":["LUL"],"989":["LUC"],"990":["CLF"],"991":["ZAL"],"992":["BEL"],"993":["BEC"],"994":["XSU"],"995":["ESB"],"996":["ESA"],"997":["USN"],"998":["USS"]}}